Rating,Review_title,Review_comment,Hotel_site
5,Exceptional,courteous friendly service nice spa facility delicious breakfast,Addis Ababa
5,My stay at the Haile Grand Addis was a truly memorable experience for my first visit to Ethiopia.,stay haile grand addis hotel nothing short exceptional opulent decor impeccable service every aspect exuded luxury room offered great view including great view addis ababa night complemented indulgent amenity truly enhanced experience anyone seeking blend comfort sophistication haile grand addis hotel perfect choice offering unparalleled value luxurious stay,Addis Ababa
5,It was amazing! Great location and friendly staff. Beautiful rooms,stay haile grand stay experience staff friendly helped u book taxi traditional dance group evening room amazing definitely enjoyed stay highly recommend haile grand,Addis Ababa
5,"You, feel, welcomed, with great smiles. Their customer services is one of the best. The all time are there to make your",beautiful modern still charming old building spacious bright feel luxurious safe outside hotel feel bit unsafe luxury building opposite reality regular ethiopian go area feel unsafe however ethopian people extremely friendly welcoming,Addis Ababa
5,"I had the best time, staying at this hotel, everyone are very friendly, welcoming, respectful, willing go above and beyo",hotel beautiful decoration layout room lighting spacious extremely clean feel secure step going spa challenging tired however keep fit not need go gym,Addis Ababa
5,it was a exelet stay.,location customer service brekafast staff,Addis Ababa
5,Exceptional,everything absolutely lovely place customer experience elevator bit worrying,Addis Ababa
4,Good experience but for the cost of staying there I'd rather go to another property,amazing location cleanliness staff sauna steam room pool room great view great room staff outstanding food taste better tasted bland price property charge expect meal exceptional fell short significant terrible experience spa message session booked spa team explained experience attempted recover free supper experience mentioned meal fall short every time really bother write cause staff kind tentative give credit trying,Addis Ababa
5,Exceptional,try make indian food also provide smoking room smoker requested without balcony not good,Addis Ababa
4,Great hotel with great staff and good value for money,great welcoming helpful staff noisy construction work next door intermittent power cut one day stay,Addis Ababa
4,Too much noise by the house keeping staff early in the morning,front desk employes,Addis Ababa
5,Enjoyed our stay,customer service clean,Addis Ababa
5,Exceptional,talk haile hotel resort talk staff staff friendly room beyond comfortable amazing,Addis Ababa
5,Exceptional,hotel good clean good restaurant food,Addis Ababa
5,My stay was lovely and awesome,property clean staff helpful food good whatever asked commentated,Addis Ababa
5,Very good. We loved our stay after 3 weeks of voluntary work in Ethiopia,everything,Addis Ababa
5,Exceptional,outstanding local dish bonus,Addis Ababa
5,Hospitality in real,hospitality beyond expectation keep good work hale,Addis Ababa
4,satisfying,breakfast full amazing food rich quantity taste beyond expectation,Addis Ababa
4,The staff very careful and helpful,good lift slow scary,Addis Ababa
5,My stay at Haile Grand Addis was Lovely. The room was comfortable and clean and the meals were great,breakfast good variety choose,Addis Ababa
4,"Nice stay, best place to stay in Addis",recently pleasure staying haile grand addis hotel must say exceeded expectation moment arrived impressed excellent service provided staff not professional attentive also seemed genuinely happy working created warm welcoming atmosphere throughout stay one aspect particularly stood cleanliness hotel room immaculate common area always well maintained evident hotel take great pride ensuring high standard cleanliness guest furthermore impressed availability willingness staff assist request inquiry whether shuttle driver ensured smooth transportation room service staff provided prompt delicious meal receptionist always helpful accommodating cleaner kept room spotless everyone went beyond ensure comfortable enjoyable stay haile grand addis hotel truly provides international tourism standard rival many place stayed addis ababa evident prioritize satisfaction guest show every aspect service overall experience haile grand addis hotel exceptional not hesitate return recommend others looking hotel combine excellent service cleanliness genuine hospitality place stay,Addis Ababa
4,"Great place to stay, I would stay again",location view great staff exceptional spa barber excercise massage etc great pool food good not exceptional soup good,Addis Ababa
5,My best experience with Hile Grand,everything entering hotel checked hotel location entire staff customer service room cleanness restaurant food excellent sure come back,Addis Ababa
4,It was worth it!,warm welcome complementary service breakfast elevator issue,Addis Ababa
5,My family has enjoyed everything,excellent staff excellent food,Addis Ababa
5,Exceptional,excellent staff,Addis Ababa
5,"We had a fantastic time at Haile Grand Addis Ababa Resort, highly recommended!",love breakfast variety delicious food selection suit taste also make sure visit alem elfegn enjoyable experience ethiopian traditional food coffee tej addition ethiopian traditional music dance location perfect staff member kind providing wonderful service stay,Addis Ababa
4,cool,fitness restaurant european menu,Addis Ababa
5,Exceptional,hotel perfect chose coming back evening feeling coming home welcoming atmosphere liked hotel everything one need restaurant amazing rockview cafe swimming pool special appreciation beautiful fresh flower everywhere,Addis Ababa
5,Exceptional,breakfast great staff amazing,Addis Ababa
4,stop-over for airport travel,nice hotel friendly helpfull staff,Addis Ababa
4,Very good,staff service facility spa swimming pool room arrival check traditional restaurant breakfast presentation room,Addis Ababa
5,Excellent world class facility and service.,clean well lit facility incredibly friendly staff great food choice well thought use landscape lift need fixing upgrading,Addis Ababa
4,Worth staying many more times,staff small swimming pool,Addis Ababa
4,Amazing,staff professionalism kindness readiness help notable particularly staff name yemi front office served smile got help needed everyday went way make sure stay amazing,Addis Ababa
5,Great,bed comfortable worker friendly helpful food good yummy free breakfast buffet morning kid enjoyed food spree juice pizza swimming pool amazing best sauna really good macchiato love love wish bath tub tiny standing shower room,Addis Ababa
5,Great modern hotel in Addis Ababa.,clean good modern facility staff friendly courteous location not close attraction meeting area non ethiopian food restaurant marginal quality,Addis Ababa
4,"Great swimming pool, fitness centre, steam room and sauna with great opening hours, great staff.",great swimming pool fitness centre steam room sauna incredible opening hour particularly suited business traveler super friendly obliging staff highly recommended,Addis Ababa
4,Overall it was good except the elevator issues,breakfast customer service cleanliness facility good elevator got locked u stayed minute took long time technician open manually also small elevator compared others shortage air inside addition think room price high hope improved future,Addis Ababa
4,"the right place to stay. best internet connection in addis, good food and good sport and spa facilities",spa food quality people area not best distance airport bit far,Addis Ababa
5,it was greate experience,almost every time walk distance outside building go spa not good tired raining,Addis Ababa
5,Exceptional,clean comfy room exceptional service everyone nothing,Addis Ababa
4,Very good,new hotel facility need free shuttle airport,Addis Ababa
5,Only a one night stay . I wish it had been longer,early breakfast choice amazing,Addis Ababa
4,Superb,everything great like advise everyone visit location,Addis Ababa
4,Superb,everything perfect room light not enough light wonderful otherwise everything perfect nice,Addis Ababa
5,Exceptional,excellent service clean,Addis Ababa
4,Superb,clean room friendly attentive staff,Addis Ababa
4,"Exceptional, professional staff",politeness staff nothing far,Addis Ababa
4,Superb,something missing hotel spa steam sauna need steam sauna spa,Addis Ababa
5,Exceptional,swimming room breakfast staff response excellent swimming room breakfast staff,Addis Ababa
4,"One of the best places to stay in Addis Ababa, will definitely come back. Highly recommended",hotel brand new inviting staff welcoming helpful feel safe secure around hotel airport shuttle service great friendly helpful driver order room service food sometimes not warm general literature hotel amenity room service menu etc missing suite bar inside suite fridge glass drink well towel dry dish,Addis Ababa
0,Bad,pool stayed everyone wear pool cap man usa not wear pool cap world traveler noone ever asked wear pool cap wife long braid not fit weekend ruined something state website rate day weekend ruined came pool,Addis Ababa
3,Pleasant,dislike front desk,Addis Ababa
1,Poor,lounge bar service bad,Addis Ababa
3,It is very disappointing that till now booking.com nor the hotel refunded the advance payment.,good upon checkin july told assistant front office manager mr awet ghirmy advance payment etb charged adcb debit account never received hotel pay money returned back assistance matter appreciated,Addis Ababa
1,Poor,staff horrible u,Addis Ababa
3,Very Nice property but far from the activities,staff helpful especially marketing lady keroli gave u nice tour hotel premise breakfast expectation especially bread dull dead,Addis Ababa
0,Bad,beautiful luxury hotel everything new hotel not internet day elevator not working day tv room not work phone room not work treadmill gym not work trip work trip impossible get work done hotel staff kept promising internet issue fixed asked cancel reservation remaining day left refused reimburse make new booking another hotel still not reimbursed even though manager promised get money soon receive email booking com sent several email response haile grand,Addis Ababa
2,Disappointing,added billing not disable checkout,Addis Ababa
5,I loved it,clean beautiful chilled place,Addis Ababa
5,Exceptional,exceptional,Addis Ababa
5,Exceptional,exceptional,Addis Ababa
4,Very good,good,Addis Ababa
5,top,top,Addis Ababa
5,Exceptional,exceptional,Addis Ababa
5,Exceptional,exceptional,Addis Ababa
5,Exceptional,exceptional,Addis Ababa
5,Exceptional,exceptional,Addis Ababa
4,Superb,superb,Addis Ababa
4,Superb,superb,Addis Ababa
4,Superb,superb,Addis Ababa
5,Exceptional,exceptional,Addis Ababa
5,Exceptional,exceptional,Addis Ababa
5,Exceptional,exceptional,Addis Ababa
5,Exceptional,exceptional,Addis Ababa
5,Exceptional,exceptional,Addis Ababa
5,Exceptional,exceptional,Addis Ababa
5,Exceptional,exceptional,Addis Ababa
5,Exceptional,exceptional,Addis Ababa
4,Superb,superb,Addis Ababa
5,Exceptional,exceptional,Addis Ababa
5,Exceptional,exceptional,Addis Ababa
5,Exceptional,exceptional,Addis Ababa
5,Exceptional,exceptional,Addis Ababa
5,Exceptional,exceptional,Addis Ababa
5,Exceptional,exceptional,Addis Ababa
5,Fabolous,fabolous,Addis Ababa
4,Very good,good,Addis Ababa
5,Exceptional,exceptional,Addis Ababa
4,Very good,good,Addis Ababa
5,Exceptional,exceptional,Addis Ababa
4,Superb,superb,Addis Ababa
5,Exceptional,exceptional,Addis Ababa
4,Superb,superb,Addis Ababa
4,Very good,good,Addis Ababa
4,Superb,superb,Addis Ababa
5,Exceptional,exceptional,Addis Ababa
4,Superb,superb,Addis Ababa
5,Exceptional,exceptional,Addis Ababa
5,Exceptional,exceptional,Addis Ababa
5,Exceptional,exceptional,Addis Ababa
4,Superb,superb,Addis Ababa
5,Exceptional,exceptional,Addis Ababa
5,Exceptional,exceptional,Addis Ababa
5,Exceptional,exceptional,Addis Ababa
4,Very good,good,Addis Ababa
4,Superb,superb,Addis Ababa
5,Exceptional,exceptional,Addis Ababa
4,Superb,superb,Addis Ababa
5,Exceptional,exceptional,Addis Ababa
5,Exceptional,exceptional,Addis Ababa
5,Exceptional,exceptional,Addis Ababa
4,Superb,superb,Addis Ababa
5,Exceptional,exceptional,Addis Ababa
4,Very good,good,Addis Ababa
5,Exceptional,exceptional,Addis Ababa
5,Exceptional,exceptional,Addis Ababa
5,Exceptional,exceptional,Addis Ababa
5,Exceptional,exceptional,Addis Ababa
3,Good,good,Addis Ababa
3,Pleasant,pleasant,Addis Ababa
3,Pleasant,pleasant,Addis Ababa
0,Bad,bad,Addis Ababa
3,Good,good,Addis Ababa
1,Very poor,poor,Addis Ababa
3,Good,let smoke outside parking far street even though ashtray,Addis Ababa
5,Exceptional,exceptional,Addis Ababa
5,Exceptional,exceptional,Addis Ababa
4,Superb,superb,Addis Ababa
4,Superb,superb,Addis Ababa
5,Exceptional,exceptional,Addis Ababa
5,Exceptional,exceptional,Addis Ababa
5,Exceptional,exceptional,Addis Ababa
4,Very good,good,Addis Ababa
4,Very good,good,Addis Ababa
4,Superb,superb,Addis Ababa
4,Superb,superb,Addis Ababa
5,Exceptional,exceptional,Addis Ababa
4,Superb,superb,Addis Ababa
5,Exceptional,exceptional,Addis Ababa
5,Exceptional,exceptional,Addis Ababa
5,Exceptional,exceptional,Addis Ababa
5,Exceptional,exceptional,Addis Ababa
4,Superb,superb,Addis Ababa
4,Very good,good,Addis Ababa
2,Passable,passable,Addis Ababa
5,Exceptional,staff haile grand amazing thanking hospitality professionalism special acknowledgment go mesfin beza bitania helina yidenek,Addis Ababa
5,Exceptional,staff friendly fluent english,Addis Ababa
5,Exceptional,haile grand truly grand establishment highly recommend booking stay next trip addis ababa staff friendly helpful food delicious atmosphere relaxing,Addis Ababa
5,Really great place to stay,great staff great environment food breakfast really good,Addis Ababa
5,Exceptional,around grand,Addis Ababa
5,Exceptional,property cleanest property stayed addis ababa hotel staff always ready assure comfort room comfortable stuffy carpet crisp white linen freshness unbelievably clean hotel addis strongly recommend day,Addis Ababa
5,Exceptional,simple tasteful decor ambience excellent helpful staff wonderful amenity,Addis Ababa
5,Exceptional,beautiful hotel friendly efficient staff,Addis Ababa
5,Exceptional,staff super kind helpful lovely spot stay,Addis Ababa
5,Exceptional,stay perfect,Addis Ababa
5,Exceptional,staff staff helpful info addis ababa musuems eat thing see return hotel stay first class hotel,Addis Ababa
5,Exceptional,staff super friendly helpful location good great view across addis,Addis Ababa
5,Excellent,room clean staff friendly breakfast buffet impressive wonderful time,Addis Ababa
4,Very good,awesome lovely calm property,Addis Ababa
5,Exceptional,beautiful hotel excellent customer service delicious breakfast buffet best morocco steam sunna experience not wait come back soon nigussie alemu,Addis Ababa
5,Exceptional,great customer service clean food amazing much choose happy go back,Addis Ababa
5,Exceptional,elevator not working time not nice old man like staff wonderful professional love,Addis Ababa
5,Exceptional,property brand new month old said property clean organized inviting every single staff member amazingly friendly gracious ready assist way swimming pool beautiful high standard cleanliness maintained difficult believe densely populated city,Addis Ababa
5,Exceptional,loved place staff friendly professional room gorgeous ground lovely pool area wellness center clean well organised disappointment dinner sat bar area food came cold not like not picky eater eaten lot great ethiopian food sandwich sauce tasted terrible wanted replace not longer hungry offered plate fruit nice bill came charged meal tried discus server refused even take amount not let discourage enjoying place bit bad luck,Addis Ababa
5,Exceptional,recently pleasure spending two night haile grand addis ababa hotel compelled share exceptional experience enjoyed stay moment arrived hotel ambiance exuded sophistication warmth staff welcoming demeanor set tone stay characterized genuine hospitality check process seamless attention detail evident every aspect hotel design decor one standout feature stay undoubtedly culinary experience food haile grand addis ababa surpassed expectation offering diverse delectable menu showcased finest local ethiopian international cuisine meal culinary masterpiece testament skill creativity chef whether breakfast lunch dinner every dish delightful exploration flavor level service provided hotel staff truly commendable concierge housekeeping team everyone demonstrated commitment excellence staff attention need prompt courteous response created environment felt genuinely cared throughout stay accommodation nothing short luxurious room tastefully decorated offering perfect blend comfort style attention cleanliness inclusion thoughtful amenity contributed restful indulgent experience moreover,Addis Ababa
5,Exceptional,exceptional,Addis Ababa
5,Exceptional,exceptional,Addis Ababa
5,Exceptional,exceptional,Addis Ababa
3,Good,good,Addis Ababa
5,Exceptional,exceptional,Addis Ababa
4,Very good,good,Addis Ababa
5,Exceptional,suitable cozy place view room,Adama
5,Exceptional,cleanness quality service,Adama
4,Very good,food service good water pressure floor poor sometimes drop pressure come back full decrease,Adama
4,Superb,table entrance light blue rack,Adama
5,"I feel very good, confortabil and I can't wait to come back",like ristorante food room balcony like view staff nice kind not say nothing everything fine,Adama
5,"We had an amazing time at Adama Haile Resort, highly recommended??!",enjoyed food staff member wonderfully kind stay location perfect,Adama
5,Exceptional,pleasant staff room space facility exceptional,Adama
4,Superb,vere professional staff food vary tasty,Adama
3,Enjoyed my stay and the staff's friendliness.,good service engaged answer question resolve problem especially service staff excellent attentive spa also provided great service cleanliness sitting area lounge,Adama
5,very nice,staff nice bad parking,Adama
4,"The location is great and it is conducive for business, rest and pleasure.",breakfast good food cold location fantastic conducive work rest secured internet not use hopefully effort made install secured internet since place far away city,Adama
3,Good,gym health center liked food not tastefull european customer,Adama
5,Exhilarating,breakfast yummy generous room r super clean organized classy pool nice well sauna bath work macchiato cappuccino breakfast menu also fix steam bath soon possible,Adama
1,I wish if I could write more positive about the property,location property room water morning untrained staff,Adama
3,Pleasant,room staff spa food vegeterian fasting food chilly hot better milder lot variety,Adama
1,It was a nice business meeting with helpful locals. The town is unattractive.,venue chosen organizer stay among best available not pay food course local sufficiently mild western visitor manage reasonable breakfast fruit juice squeezed one type per day lucky get fantastic pineapple pulp inside buffet lunch manageable plain rice ingera make good work afterlunch careful choose dinner made spicy mistake misunderstanding fault nice three layer fruit spritz word not know italian spritz avocado mango whatever green top local coffee among best lady not overcook room bathroom awful shower sprayed cold water around another colleague piping hot water also good not understand maid room not mind make bed also home problem electronic payment lucky different wireless different area important one meeting venue internet also mike unreliable,Adama
4,Very good,good,Adama
5,Exceptional,exceptional,Adama
5,Exceptional,exceptional,Adama
5,Exceptional,exceptional,Adama
5,Exceptional,exceptional,Adama
5,Exceptional,exceptional,Adama
5,Exceptional,exceptional,Adama
3,Good,good,Adama
5,Exceptional,exceptional,Adama
5,Exceptional,exceptional,Adama
5,Exceptional,exceptional,Adama
4,Superb,superb,Adama
5,Exceptional,exceptional,Adama
5,Exceptional,exceptional,Adama
5,Exceptional,exceptional,Adama
4,Very good,good,Adama
5,Exceptional,exceptional,Adama
4,Very good,good,Adama
4,over all it was nicce,nicce,Adama
4,Very good,good,Adama
4,Superb,superb,Adama
3,Good,good,Adama
3,Pleasant,pleasant,Adama
3,Pleasant,pleasant,Adama
3,Pleasant,pleasant,Adama
1,Very poor,poor,Adama
4,Very good,good,Adama
5,Exceptional,exceptional,Adama
4,Very good,good,Adama
5,Exceptional,exceptional,Adama
5,Exceptional,spa really good breakfast fantastic highly recommend hotel,Adama
5,Exceptional,great property nice location,Adama
5,Exceptional,great place stay nice stay hotel everyone nice friendly,Adama
5,Exceptional,soo good,Adama
5,Exceptional,great experience adama haile resort great service clean well coming supporting team,Adama
5,Exceptional,stayed one night great time staff friendly extremely polite cooperative,Adama
5,Exceptional,exceptional,Adama
4,Very good,good,Adama
5,Exceptional,exceptional,Adama
5,Impressed with the improved service,visited year impressed greatly improved service also provided tea time refreshment breakfast service good room quiet comfortable eco friendly,Adama
5,Friendly and clean,staff friendly accommodation clean comfortable hotel well organized garden food delicious suit personally haile special juice good however tissue inconvenient remove makeup use toilet paper,Adama
5,Exceptional,really try thank abreham customer service excellent ever want go recommend,Adama
5,Exceptional,clean great staff delicious food great amenity,Arba Minch
5,Exceptional,beautiful hotel location helpful staff,Arba Minch
5,Exceptional,lovely area gorgeous view highly recommend visiting dorze village boat ride hiking spring,Arba Minch
5,Exceptional,excellent service great quality,Arba Minch
5,Exceptional,nice vacation place,Arba Minch
5,Exceptional,everything good professional breakfast spa massage pool worker hotel polite general really enjoyed stay haile resort thank hope come,Arba Minch
5,Exceptional,enjoyed amazing view courteous customer atmosphere every stuff member property starting airport shuttle service way hotel stay,Arba Minch
5,Exceptional,clean resort beautiful view,Arba Minch
4,Very good,hotel staff great not really helpful arranging transportation option visit local township wifi access unstable especially room,Arba Minch
5,Exceptional,super friendly hospitality amazing room clean,Arba Minch
5,Exceptional,amazing view,Arba Minch
4,Very good,thanks,Arba Minch
5,Exceptional,absolutely stunning place exceptional customer service highly recommend,Arba Minch
5,Two thumbs up,absolutely loved stay haile view amazing food great staff terrific swam pool everyday enjoyed gym well sad leave back,Arba Minch
5,Coming back for sure,expected lot exceeded starting friendly reception good management handling minor complaint clean top experience,Arba Minch
5,THE NAME SPEAKS BY ITSELF- HAILE RESORT,organized accommodating thank comfort wonderful experience stay infact name speaks lot haile resort addis workessa,Arba Minch
5,Exceptional,everything,Arba Minch
5,Exceptional,exceptional,Arba Minch
5,Exceptional,exceptional,Arba Minch
5,Exceptional,exceptional,Arba Minch
5,Exceptional,nice hotel well equipped magnificent view pool side staff attentive need responsive efficient gave nice surprise birthday highly recommend,Arba Minch
5,Exceptional,exceptional,Arba Minch
5,Exceptional,cleanliness friendly staff,Arba Minch
5,Exceptional,staff super nice,Arba Minch
5,Wonderful visit'Loved Our Stay,rented premium suite family five added comfortable cot day two extremely comfortable adjoining room connected living area middle worth pay extra wake sunrise lake mountain absolutely gorgeous view air conditioning great asset shower pressure comfortably strong included morning buffet great la carte menu took hour prepare every time cost time feed five u convenient eat hotel sometimes food better cheaper paradise lodge tourisy hotel,Arba Minch
5,Perfect ! Amazing !,amazing thanks every one haile resort hope see,Arba Minch
5,magnificent,professional best service ever get thanks,Arba Minch
5,Exceptional,exceptional,Arba Minch
5,Exceptional,international standard breakfast room cleaniness profesional staff service,Arba Minch
5,Exceptional,exceptional,Arba Minch
5,Exceptional,excellent stay family highly recommend people,Arba Minch
5,Exceptional,stay frequently count excellent service everything working order stress free staff wonderful like food much,Arba Minch
5,Amazing staff with stunning scenery??,short amazing stay haile arbaminch helpful staff amazing smile clean environment breathtaking scenery cliff food taste great highly recommend lake side room best terrace view not run activity wish hotel extends guest complementary facility courtesy shuttle pickup time rather checkout time afternoon airport shuttle service deeply satisfied proud recommend hotel,Arba Minch
4,Very good,great view abaya chamo lake good restaurant cleanness property,Arba Minch
5,Exceptional,beautiful view super clean everything worked great shower bathroom delicious food love staying,Arba Minch
5,Exceptional,hotel international standard service amenity including spa food superb variety location hotel scenic overlooking lake hill lash forest good getaway location away busy city,Arba Minch
5,Exceptional,mesmerised perfect hotel heavenly kind customer service thing say god bless whole staff haile resort keep nice service,Arba Minch
3,Good,spa really good people working spa department really good job generally employee working property treat customer really good room aminities like shampoo rooth paste shower cup paying lot doesnt even get basic aminities additionally food haile resort doesnt taste really good ua priced need work resturants,Arba Minch
5,Exceptional,great staff hotel best respectful far accommodate need customer love,Arba Minch
5,Room was spacious and clean. Staff vary friendly,room spacious clean staff friendly helpful hotel good location close restaurant amenity,Arba Minch
5,Exceptional,haile resort excellent every sense,Arba Minch
4,Very good,like cleanness room restaurant serviceis excellent royal level reception start right gate follows way untill leave resort steam sauna spa complimentary massage also reasonable price couple thing not like book two room family charged addtion bed broght kid bit strange based experinces north american hotles try best accomodate guest another strange thing check wait till someone sent check room not know necessay specially credit card info opnion expected trust guest,Arba Minch
4,Very good,good,Arba Minch
5,Exceptional,attentive staff meet expectation everything good,Arba Minch
4,Very good,nice relaxing,Arba Minch
4,Very good,multiple time last year continues always clean neat food improving nicely service many time slow even people hotel covid service staff friendly nice gym cleaner machine working close door night limit mosquito hotel lobby,Arba Minch
4,Very good,location hill overlooking lake good staff food also good however front desk not provide tourist information access nearby world heritage site look since hotel good location nice tour desk guest ample time budget seem rent go one staying hotel seems go world famous konso poor local minibus,Arba Minch
4,Very good,scenery escarpment jungle lake hill background great,Arba Minch
5,Our best hotel experience in Ethiopia,best hotel experience ethiopia place nice beautiful view lake establishment recent well equipped comfortable restaurant good staff attentive,Arba Minch
3,Good,clean sharp great view great help staff,Arba Minch
5,Exceptional,great location view staff helpful good food,Arba Minch
4,Very good,new hotel arba minch beautifully located rift valley natural reserve forest valley lake nice facility good food nice staff good opportunity excursion spring lake chamo dorze village,Arba Minch
5,Exceptional,exceptional,Arba Minch
5,Attentive and exceptional location for a sweet short stay,hospitality attentiveness staff beginning end welcoming professional nothing not like staff performed role consideration according person personal preference,Arba Minch
5,Exceptional,customer service staff well trained smiled every conversation elevator not working stay,Arba Minch
4,Superb,real good service friendly staff good room great view not much probably continental meal option ethiopian cuisine however good,Arba Minch
4,Very good,excellent breakfast beautiful location friendly staff weak wifi connection poor house keeping reminded clean room,Arba Minch
4,Superb,staff exceptional specially lady called meskerem work chef went beyond make sure need met view mesmerizing relaxing,Arba Minch
5,Exceptional,really love place staff professionalism totally feel like family memorable place,Arba Minch
5,Beautiful place,location staff food highlight stay,Arba Minch
4,Superb,staff helpful location far city,Arba Minch
4,Extraordinary stay and comfort.,diverse really nutritional,Arba Minch
5,Wonderful,exceptional staff front desk business office housekeeping particularly dining room bed comfortable,Arba Minch
4,Very good,staff exceptionally knowledgeable welcoming went way ensure taken care ambience resort quite breathtaking breakfast buffet quite nice offered english menu item definitely recommend anyone visiting arba minche negative part stay wifi wifi absolutely horrible worked day throughout resort never worked room use phone data portable myfi room,Arba Minch
4,fine stay with gorgeous views of two lakes,beautiful view friendly helpful staff,Arba Minch
4,Superb,arrived told booking recieved didnt include lake view however booking disagreed staff customer friendly next day lake view room available switched u room great standard best placed ive stayed ethiopia pool great clean not evening activites like live music,Arba Minch
4,Highly recommend! Worth a visit.,fantastic view wonderful service staff friendly polite attentive english limited thing difficult communicate,Arba Minch
5,Exceptional hotel in beautiful location,much like hotel setting looking forest lake mountain stunning service first class every member staff eager please mr getasew particularly impressive ensured stay enjoyable possible nice choice breakfast room comfortable spotlessly clean stress importance booking lake view room much part experience hotel watching sunrise balcony real highlight cannot recommend hotel enough say must stay place arba minch anyone interested touring perfect stay short break people wishing relaxation beautiful location enjoy longer leisure facility quality hotel area top accommodation hard find communication via amessages booking com not usual standard need tweaking,Arba Minch
4,An excellent experience! Would recommend for anyone but smokers :D,almost everything one place smoking paying thing always bit slow,Arba Minch
4,Very good,really satisfied enjoy thanks haile resort bad environment,Arba Minch
5,Exceptional,amazing location star customer service,Arba Minch
5,Excellent Service!,breakfast great treatment care shown staff phenomenon nice hotel closer lake overall everything great,Arba Minch
4,"Amazing service, good facilities and good staff ensured my stay was enjoyable.",staff provided exceptional service entire experience pleasant including food facility amazing pool not working time bummer entire stay ended going swim paradise lodge,Arba Minch
4,It was very great.,everything perfect expected room forest pool side view not,Arba Minch
4,Very good,view food quality room without working phone call reception,Arba Minch
4,Superb,fair enough,Arba Minch
4,Out of town escapade to unwind,location ambience nothing negative particular,Arba Minch
5,Amazing,loved resort everyone nice friendly room super clean view resort super gorgeous food good wifi bit spotty slow everything else great,Arba Minch
3,Good,lovely location comfortable room waiter restaurant seemed try hard sweet service rather slow,Arba Minch
3,Good,beautiful location view wildlife gym limited activity terrible internet,Arba Minch
2,Disappointing,disappointed reseved bed side lake see nothing veiw,Arba Minch
4,Very good,good,Arba Minch
4,Very good,good,Arba Minch
5,Exceptional,exceptional,Arba Minch
4,Superb,superb,Arba Minch
4,Very good,good,Arba Minch
4,Very good,good,Arba Minch
5,Exceptional,exceptional,Arba Minch
5,Exceptional,exceptional,Arba Minch
4,Superb,superb,Arba Minch
5,Exceptional,exceptional,Arba Minch
4,Very good,good,Arba Minch
5,Exceptional,exceptional,Arba Minch
4,Very good,good,Arba Minch
4,Very good,good,Arba Minch
5,Exceptional,exceptional,Arba Minch
4,Very good,good,Arba Minch
4,Superb,superb,Arba Minch
5,Exceptional,exceptional,Arba Minch
4,Very good,good,Arba Minch
4,Superb,superb,Arba Minch
5,Exceptional,exceptional,Arba Minch
4,Superb,superb,Arba Minch
5,Exceptional,exceptional,Arba Minch
5,Exceptional,exceptional,Arba Minch
4,Very good,good,Arba Minch
4,Very good,good,Arba Minch
4,Exceptional,exceptional,Arba Minch
5,Exceptional,exceptional,Arba Minch
2,Passable,passable,Arba Minch
3,Good,good,Arba Minch
3,Pleasant,pleasant,Arba Minch
3,Pleasant,pleasant,Arba Minch
3,Good,good,Arba Minch
5,Exceptional,exceptional,Arba Minch
5,Exceptional,exceptional,Arba Minch
5,Exceptional,exceptional,Arba Minch
5,Exceptional,exceptional,Arba Minch
4,Superb,superb,Arba Minch
4,Very good,good,Arba Minch
4,Very good,good,Arba Minch
4,Very good,good,Arba Minch
4,Superb,superb,Arba Minch
4,Superb,superb,Arba Minch
4,Very good,good,Arba Minch
4,Superb,superb,Arba Minch
4,Very good,good,Arba Minch
5,Exceptional,clean hotel also staff nice friendly great experience room beautiful comfortable,Gondar
4,A pleasant experience,excellent hotel staff not enough shuttle pick make way seemed reluctant pick called,Gondar
4,Really was a new feeling,view stuff facility food not much,Gondar
4,My stay was comfortable.,breakfast good staff courteous room need exterminator bug bathroom resort need renovation repair work,Gondar
4,Very good,like view front hotel time water time light,Gondar
3,"Probably the best choice in the town, but with its own issues",service really excellent staff trained greet smile guest creates really good ambience one non apparent advantage hotel electricity generator help lot power shortage city quite common view window hard beat room facing city course need double checked general many official un alike delegation hosted hotel also sign relative quality general cleanliness room average especially regard bed sheet laundry simply left unattended room problem drying machine phone room not functioning elevator go reception considerable drawback given city altitude,Gondar
4,Very good,best breakfast ethiopia found western standard leaking bathtub room,Gondar
0,Worst experience in Ethiopia. Don't ever stay there!,booked hotel advertise swimming pool problem constant cleaning maintenance not available use even though staff promise available following day room cold shower water not go restaurant never get topping pizza summery asked discount bill due inconvenience refused,Gondar
2,"May be the best hotel in Gondar, just consider standards are different from other places",wifi often saturated not allow connection breakfast looked stale shower drain clogged bathroom not flush properly bed linen felt cheap,Gondar
5,I am very happy,good customer service,Gondar
4,Superb,happy quality accommodation airport pickup,Gondar
4,Superb,good location main site nice friendly staff appreciated airport shuttle pleasant room,Gondar
5,Amazing,amazing hotel great location gondar room clean strong wifi hot water also nice pool breakfast buffet huge dinner restaurant delicious reception staff absolutely fantastic organised tour castle gondar hiking simien mountain even early bus tsebri highly recommend haile resort,Gondar
2,Disappointing,hotel situated good location check process smooth foul smell coming bathroom space look well overdue renovation crack wall damaged door etc checkout experience horrible due inefficient system,Gondar
0,Do not go to haile gondar!!!!,hotel facility bad not fit name brand,Gondar
2,Disappointing,really tasty food coffee really nicely decorated room traditional coffee friendly staff think place highly overrated presented one best country recommended rather disappointing not sure haile resort part country one not good price better maintenance needed room water kettle make tea room missing much cheaper hotel dent wall cable sticking light room flickering table lamp not working unpleasant experience hotel staff cleaning lady came knock door partner opened not explain english came walked room laying bed half naked half sleeping turned light hit switch room left without word word still quite shocked never happen please make sure not also aware swimming pool resort apparently also open public not guest crowded moreover bed pool also half broken not comfortable maintenance needed many thing wrong unfortunately need give low score place cant recommend place stay gonder,Gondar
0,Disappointing,food suck bathroom smell shower not work,Gondar
5,Great for the stay and city exploration,new clean comfortable,Gondar
5,Exceptional,solid stay gondar helpful staff comfortable clean room,Gondar
2,Disappointing,location noisy thing worked,Gondar
0,They refused to respond my phone calls.,drive shoot phone,Gondar
4,Very good,good,Gondar
3,Pleasant,pleasant,Gondar
4,Very good,good,Gondar
2,Disappointing,disappointing,Gondar
4,Superb,superb,Gondar
4,Superb,superb,Gondar
4,Superb,superb,Gondar
5,Exceptional,exceptional,Gondar
4,Superb,superb,Gondar
4,Superb,superb,Gondar
4,Superb,superb,Gondar
4,Superb,superb,Gondar
5,Exceptional,exceptional,Gondar
5,Exceptional,exceptional,Gondar
4,Superb,superb,Gondar
2,Passable,passable,Gondar
1,Poor,poor,Gondar
4,Very good,good,Gondar
3,Good,good,Gondar
4,Very good,good,Gondar
3,Good,good,Gondar
4,Superb,superb,Gondar
5,Exceptional,exceptional,Gondar
4,Superb,superb,Gondar
2,Passable,passable,Gondar
0,Bad,bad,Gondar
4,Very good,one best hotel gondar staff not speak much english popular event place local need expect noise,Gondar
5,Exceptional,excellent room,Gondar
5,Exceptional,exceptional,Gondar
5,Exceptional,exceptional,Gondar
4,Very good,staff friendly lot make feel comfortable,Gondar
5,Exceptional,attentive staff,Gondar
5,Very good hotel but expensive,good hotel ethiopian standard friendly helpful staff clean large room decent tv bathroom need renovated hot shower wifi work router installed front room fridge hardly cool kettle room breakfast plentiful ethiopia also includes western dish egg dish fruit bread unfortunately price high,Gondar
5,Exceptional,went wife great experience,Gondar
1,Poor,poor,Gondar
3,Good,good,Gondar
3,Good,hotel pretty worn condition quite hot night average restaurant nice thing pool please note not restricted hotel guest arrived sunday completely full day user summary hotel pretty average pool nice,Gondar
4,International style accommodation in Gondar,hotel clean staff helpful pool look good however not use breakfast many choice including western dish compared ethiopia bed comfortable towel great specifically not close bathroom door shower not comfortable operate working wifi room unless stood door,Gondar
5,Exceptional,excellent view gondar surrounding mountain staff attenetive friendly room clean nicely appointed,Gondar
5,Great option at the more luxurious end in Gondar,relatively expensive good option gondar conveniently placed beautiful setting benefit slick comfortable restaurant premise outside terrace great evening drink watching sun set gondar planning hike simiens book return night resort store luggage free also upgraded junior suite without particular reason ascertain water pressure not great shower think gondar hotel staff great warm friendly engaged bit tired roughing make nice change pace western standard affordable price,Gondar
3,Good,good,Gondar
4,Very good,good,Gondar
4,Comfortable stay,stayed simien mountain bike service great include complimentary airport pick drop room stayed comfortable everything needed dark though sun go lighting not good wifi terrible room though get standing right door better go outside lobby use inconvenient time stay went back gondar,Gondar
5,Highly recommended without a doubt.,detail fruit tray upon arrival comfortable room fridge kettle excellent breakfast view room great highly recommended staff attentive,Gondar
5,Exceptional,exceptional,Gondar
2,Fair,bad check experience towel provided ask time course hour got bedsheets also damp not changed hour asked bathroom ventilation system awful smell toilet cigarette smoke neighbouring room room wall paper thin sandwiched noisy family guy tv full blast past reported reception lack ventilation room became incredibly hot morning kettle room lift elevator property either phone not work contact number sheet provided calling reception quickly lack conveniently placed power socket room free airport transfer helpful however wifi decent breakfast not bad,Gondar
4,Very good,view castle good location quite near centre town property nice swimming pool functional least visit restaurant wide choice pretty good,Gondar
4,Very good,provided excellent guide breakfast good dinner inedible also ethiopian seated next eating traditional ethiopian food said barely ok stay hotel part not eat anything except breakfast recommendation,Gondar
5,Exceptional,nice hotel clean well located town close everything varied breakfast attentive staff,Gondar
5,Exceptional,exceptional,Gondar
4,Very good,like big room gave u unfortunately hot tub room not worked also amenity said dry wet sauna gym pool yet moment pool wanted enjoy dry sauna,Gondar
4,Very good,good hotel spa sauna not working month advertised booked,Gondar
5,Fully recommend,day enjoy time much hotel staff kind helpful room clean well equiped even hair conditiiner hairdryer cold drink,Gondar
4,"Wonderful staff, but a bit maintanance required",staff wonderful usual ethiopia wifi signal weak room connect corridor lighting room insufficient socket not work mosquito net breakfast ok elevator not big deal issue others location good quite close four sister restaurant not far away castle,Gondar
5,Where 5+ star hotel experience exists,haile resort hawassa great choice anyone value cleanliness friendliness professional service resort well maintained spotless room facility staff courteous attentive efficient making sure every guest feel welcome satisfied service excellent check check everything resort also lot amenity pool spa gym restaurant location ideal close lake city center fantastic time haile resort hawassa definitely stay gem place ethiopia,Hawassa
4,A fantastic resort with everything you need and more!,property comfortable clean landscaping impeccable staff hospitable food outstanding,Hawassa
4,Superb,great location view food facility quality haile hotel not disappointed far temperature shower not regulated well either boiling ice cold water come,Hawassa
3,very enjoyable,nice location ground well taken care staff helpful friendly lot child,Hawassa
4,Relaxing working weekend,space view atmosphere great comfort spacious balcony complement great room large comfortable sofachairs good working space lightning effectively organised gym wel equipped trainer available breakfast lacked healthy vegetarian option dinner menu card,Hawassa
4,Very good,massage location friendly helpful staff jacuzzi hot tub not working lot wine unavailable,Hawassa
4,Very nice always a pleasure to stay at the Haille,everything smoking area far away,Hawassa
4,Superb,water little,Hawassa
4,perfect get away for a weekend,staff exceptionally friendly helpful view wonderful really enjoyed stay,Hawassa
4,A great stay for some relaxing days,great stay night resort loved stay bit longer room great view lake area hotel beautiful see lot different bird also hippo mum small baby staff really friendly helpful restaurant offer good meal good spa also loved area outside big tree snack drink wifi room quite weak,Hawassa
4,Overall a wonderful stay,lot option wished plain scrambled egg bacon,Hawassa
4,"Great stay, very accommodating staff.",great place fantastic staff really made feel welcome front office team went way help film crew meal time request meal great always large selection traditional international cuisine available,Hawassa
4,It was wow.,staff cooperativeness view,Hawassa
4,Was sweet and pretty,location good,Hawassa
4,Overall very nice,great bkfst great staff little noisy night,Hawassa
4,Very good,staff committment professional approach morning coffee breakfast old towel,Hawassa
4,highly recommended place,welcoming place quite chill stuff respectful amazing place beautiful view lake must try,Hawassa
4,Very good,staff kindness cleaning service restaurant wifi poor continuously disconnecting,Hawassa
3,Perfect,location perfect room expected breakfast great lot variety staff polite welcoming,Hawassa
4,Excellent stay. Very helpful and cheerful staff. Margret was exceptionally good,cheerful staff location hotel pool not heated heated pool add value propert,Hawassa
3,Good,liked amazing nature view hotel welcoming staff room size airport free shuttle plus breakfast not good international option bakery not fresh not get room pm due huge group mosquito place,Hawassa
4,Very good,breakfast staff member location entertaining facility not enough door key one room key family member five two room two door interconected,Hawassa
4,thanks,good,Hawassa
5,Perfect,breakfast delicious great variety food rich one select omelet boiled egg hot dish cold dish etc selection fruit rich freshly squeezed juice also loved black coffee hotel staff courteous go beyond accommodate help,Hawassa
5,Exceptional,number ethiopia heart respect,Hawassa
5,Exceptional,amazing location spacious comfortable room nice environment,Hawassa
5,Unforgettable and Memorable,excellent fantastic,Hawassa
5,Exceptional,really happy staying haile resort stuff great coustemr service wish staying longer really happy every great clean,Hawassa
5,Exceptional,pool spa gym seating area view staff room absolutely fantastic mekdes wedeye great server help curtain bit broken made work water bottle expensive staying day nice staying hotel discount restaurant also nice pool sitting area pool get hot nice sit shallow water also nice plant something first floor roof view nice dirty roof bit putting,Hawassa
5,Great Hospitality.,ethiopian hotel learn try make swimming pool warm facility best keep also best family vacation cold swimming pool,Hawassa
1,Good location but poor service!,location amazing specifically wine bar great not towel bathroom literally beg called reception downstairs actually asked whether taken misplaced towel go reception time ask towel bathrobe kept saying send right away every time frustrating finally brought room almost later frustrating,Hawassa
5,Exceptional,staff friendly lakeview amazing food restaurant really good,Hawassa
5,Exceptional,enjoyed stay haile resort hawassa much view lake nice sunset enjoyed birdlife boat trip hotel nice saw hippo food great staff super friendly really recommand hotel door key not always work apparently sensetive telephone call,Hawassa
1,Poor,everything great bad internet connection,Hawassa
5,Exceptional,everything amazing location resort staff helpful specially mergert even organized special event wife passed exam thing every thing perfect,Hawassa
5,Exceptional,suite confortable lot activity food delicious maybe city around hotel not visit enough careful want visit shashamene,Hawassa
3,Good,good,Hawassa
1,Poor,poor,Hawassa
3,Good,good,Hawassa
4,Superb,superb,Hawassa
4,Superb,superb,Hawassa
3,Good,good,Hawassa
4,Very good,good,Hawassa
4,Very good,good,Hawassa
4,Superb,superb,Hawassa
4,Very good,good,Hawassa
4,Very good,good,Hawassa
4,Superb,superb,Hawassa
4,Very good,good,Hawassa
3,Good,good,Hawassa
4,Superb,superb,Hawassa
4,Very good,good,Hawassa
4,Superb,superb,Hawassa
3,Good,good,Hawassa
4,Very good,good,Hawassa
4,Superb,superb,Hawassa
3,Good,good,Hawassa
4,Very good,good,Hawassa
4,Very good,good,Hawassa
3,Good,good,Hawassa
4,Very good,good,Hawassa
4,Superb,superb,Hawassa
4,Superb,superb,Hawassa
5,Exceptional,exceptional,Hawassa
5,Exceptional,exceptional,Hawassa
5,Exceptional,exceptional,Hawassa
5,Exceptional,best trip,Hawassa
5,Exceptional,exceptional,Hawassa
5,Exceptional,exceptional,Hawassa
5,Exceptional,exceptional,Hawassa
5,Exceptional,exceptional,Hawassa
1,Very poor,poor,Hawassa
5,Exceptional,exceptional,Hawassa
3,Pleasant,pleasant,Hawassa
2,Passable,passable,Hawassa
5,Exceptional,exceptional,Hawassa
2,Passable,passable,Hawassa
5,Exceptional,exceptional,Hawassa
5,Exceptional,exceptional,Hawassa
4,Very good,good,Hawassa
4,Very good,good,Hawassa
4,Superb,superb,Hawassa
4,Superb,superb,Hawassa
4,Very good,good,Hawassa
0,Bad,bad,Hawassa
0,Bad,bad,Hawassa
5,Exceptional,exceptional,Hawassa
5,Exceptional,exceptional,Hawassa
5,Exceptional,exceptional,Hawassa
5,Exceptional,exceptional,Hawassa
5,Fantastic stay!,fantastic property never cease amaze u well maintained garden clean lake bird happy hippo exceptional service reception housekeeping security food service breakfast buffet always highlight stay haile resort come gain,Hawassa
5,Highly recommend,staff wonderful accommodating u weather supported u really appreciate place great swam pool wine lake saw hippo lake food tasty comfortable room highly recommend,Hawassa
5,Exceptional,great setting lake staff extremely friendly room quite comfortable,Hawassa
5,Great resort!,wonderful attentive staff delicious breakfast meal gorgeous location,Hawassa
5,Love this resort!,excellent service beautiful location delicious food warm atmosphere,Hawassa
5,Magical place,good stay hotel staff helpful place superb food good game child great cardio machine gym old decoration restaurant bit old fashionned conclusion good time family magical setting,Hawassa
5,Exceptional,amazing stay,Hawassa
5,Exceptional,experience haile resort nothing short exceptional combination luxurious accommodation outstanding service prime location made memorable stay special mention go ephrem shuttle driver exceptionally courteous helpful making transfer airport seamless enjoyable highly recommend hotel anyone visiting awassa look forward returning next trip,Hawassa
5,Exceptional,fabulous location clean,Hawassa
5,Exceptional,lovely hotel great view lake restaurant good not overpriced clean room great shower staff nice,Hawassa
5,Excellent,staff attentive need professional great stay location excellent,Hawassa
5,Exceptional,beautiful amazing experience,Hawassa
5,Exceptional,hotel full polite friendly staff felt white woman staying black partner female staff around restaurant interactive reason l givecthe hotel general thankyou looking u,Hawassa
4,Very good,accounting redervation systemvery weak,Hawassa
5,Exceptional,resort awesome staff member professional every resort clean neat highly recommend haile resort love haile resort staff employee well educated know treat customer oh forget mention food delicious healthy house keeping number one left room breakfast house keeper clean room everything need room event big small haile resort birthday anniversary honeymoon reason said honeymoon beautiful wife really enjoyed honeymoon not tell surprised decorated room every single day stay make cake honeymoon note not get surprised thing covered haile resort paid room cake decoration room freeeeeee freeeeeee money gonna expend resort cheap compare safety matter haile resort haile resort left unforgettable memory honeymoon haile resort number one book not not like clean room good customer service delicious healthy food safety consider mentioned choose haile resort haile resort haile resort book desta dibora,Hawassa
3,Good,good,Hawassa
5,Exceptional,exceptional,Hawassa
5,Exceptional,exceptional,Hawassa
5,Exceptional,exceptional,Hawassa
5,Exceptional,exceptional,Hawassa
5,Exceptional,exceptional,Hawassa
5,Exceptional,exceptional,Hawassa
5,Exceptional,exceptional,Hawassa
4,Very good,good,Hawassa
5,Exceptional,exceptional,Hawassa
5,Exceptional,exceptional,Hawassa
3,Good,good,Hawassa
5,Exceptional,exceptional,Hawassa
4,Very good,good,Hawassa
5,Exceptional,exceptional,Hawassa
5,dream by the lake,staff extremely friendly polite started door security continued way free shuttle airport hotel spotlessly clean toilet constantly cleaned location lake fantastic see photo negative point restaurant like many restaurant ethiopia us glutamate cooking not problem recommend haile resort without reservation,Hawassa
5,Exceptional,excellent resort beautiful location friendly staff,Hawassa
5,Comfortable stay and helpful staff,great resort good service beautiful lake side view relaxed atmosphere,Hawassa
5,Exceptional,excellent hotel friendly accommodating staff excellent food selection choice breakfast beautiful setting view lake awassa floor stunning changed every time looked window problem initial room request quickly fixed thing u,Hawassa
5,Exceptional,exceptional,Hawassa
5,Exceptional,exceptional,Hawassa
5,Exceptional,exceptional,Hawassa
5,Exceptional,exceptional,Hawassa
5,Exceptional hotel,superb hotel amazing staff bc delicious food perfect equation great trip loved everything hotel,Hawassa
5,Exceptional,exceptional,Hawassa
5,Exceptional,exceptional,Hawassa
5,great views!,enjoyable comfortable resort nicely priced first night view lake obstructed beautiful tree resort full night next night moved another room spectacular view lake,Hawassa
5,Exceptional,beautiful view great room hotel staff friendly helpful child friendly atmosphere,Hawassa
4,Lectures at MSc. course Wonod Genet,good shower needed turn minute every morgning order get hot water floor sea view internet connection extremely unstable stable internet connection one main reason hotel chosen needed som home work afternoon,Hawassa
5,Exceptional,exceptional,Hawassa
4,Very good,good,Hawassa
5,Exceptional,nice resort right lake friendly helpful staff food numerous variety something everyone recommended family huge playground bouncy castle small train minute flight addis ideal little break hustle bustle city,Hawassa
5,Exceptional,really clean pleasant room staff extremely friendly beautiful scenery,Hawassa
4,Great location by the lake.,location great nice view lake balcony boat trip lake offer splendid experience seeing hippo different type bird living lake,Hawassa
3,Good,huge difference good bad staff behavior,Hawassa
3,Good wievs is the best,staff friendly service minded wiev hotel amazing stuning hotel bit old not date pool area bit ruff cold dirty water breakfast poor not much choose staff really try best helpfull,Hawassa
5,Exceptional,friendly staff excellent food stayed hotel family five day,Hawassa
4,Very good,people please nice service quick service room nice view hawassa lake clean enjoyed stay,Hawassa
4,"Good rooms, good views, bad food",room haile clean comfortable suite time lovely biggest complaint hotel food food terrible,Hawassa
5,Exceptional,lake bird island gelila island staff haile resort,Ziway
4,Lakeside comfort in Ziway,well kept resort friendly helpful staff arrange trip nearby lake reasonable rate location little way town handy lake,Ziway
4,Very good,air conditioning fan website not accurate,Ziway
4,Very good,staff kindness local refrigerator hot air conditioning net bed not comfortable,Ziway
4,Cofortable stay at perfect location,good location,Ziway
4,Great stay - we'll be back,wonderful stay ziway arrived allowed check room early without question breakfast great fresh egg omelette made order great coffee resort full bird fish eagle little yellow blue bird loved lush well kept property garden pool clean well presented lounge chair wooden mattress slightly broken area addressed given pool towel great bungalow small fan room sounded like airplane taking not use great mosquito mesh window sleep window open,Ziway
4,The orders are so great they are well trained of the customer service. I like to appreciate,breakfast great location easily locatable facilties like sauna steam poor tv include d tv,Ziway
3,Pleasant,not satisfied room helped u changing room need small refrigerator small lamp bedroom,Ziway
3,Pleasant,junior suite balcony not exist hotel text updated boat lake service cancelled,Ziway
0,Bad,bad,Ziway
5,Exceptional,super cite nice clean good facility gorgeous location super friendly staff,Ziway
5,Exceptional,place staff room also food,Ziway
4,Very good,good,Ziway
4,Superb,superb,Ziway
4,Very good,good,Ziway
4,Superb,superb,Ziway
4,Very good,good,Ziway
4,Very good,good,Ziway
5,Exceptional,exceptional,Ziway
5,Exceptional,exceptional,Ziway
5,Exceptional,exceptional,Ziway
3,Good,good,Ziway
3,Good,good,Ziway
4,Very good,good,Ziway
4,Very good,good,Ziway
3,Good,good,Ziway
3,Pleasant,pleasant,Ziway
5,Exceptional,room good spacious room bed adequate mattress soft resort nice garden stroll good gym nice pool breakfast typical ethiopian serf county delight abundance staff great certainly place go back,Ziway
5,Exceptional,visited hotel several time already welcomed home staff received open arm made stay nice always chat smile always given place allows strolling outside lakeside enjoy drink terras food taste internet stable available compound coffee ask local buna coffee teated delight,Ziway
4,Very good,nice welcoming staff area good food nice looking pool never used fair internet connection ethiopia price value correct garden nice observe monheys many type bird access lake shore walk way quite nice offer nice boat tour lake time not able probably next time sure come back bed good also found clean however always coming ant garden may uncomfortable people given free bottled drinking water every day housekeeping done nicely every day thing may improve rusty water come hand wash shower smell metallic rusty yellow colour probably rusted tank also nice get every room good mosquito net installed fix standard ask suggest sacrify one guest room garden install massage room able nicer place definitely best hotel option ziway come back,Ziway
2,Fair,property need lot work,Ziway
2,Reservation not honored,arrived night hotel not pre paid reservation computer gave u lesser room higher rate wedding blasting right outside door mosquito inside mosquito net surprised quality chain hotel much lower awassa stayed night,Ziway
5,Exceptional,friendliness staff deserves special mention especially manager always hand help location haile resort not better nature lover get money worth,Ziway
4,Very good,stayed garden room room nice window opened except patio door open front prefer room main building widow opened,Ziway
3,Good,getting bit tired rough around edge staff not super friendly ok fly buzzing around breakfast buffet food fact quite fly buzzing around ziway rude pool gym amanager shouting instruction guest positive swimming pool boat trip fun escape see hippo generally langano area much nicer ziway price sabana beach resort yet sabana beach idyllic,Ziway
5,Exceptional,exceptional,Ziway
5,Brilliant spot with excellent staff,place bit hard reach city centre every equipment caters comfort tiny gym sauna room inviting well broad spacious swimming pool room lake view superb enjoy sunrise window staff really assistant informative plus friendly bell boy offered change normal room room lake view extra charge traditional coffee shop next lobby pay birr overall love place really nice resort ever stayed affordable price truly recommend place,Ziway
4,Very good,nice garden well maintained good location allows pleasant walk,Ziway
4,Very good,small house nicely laid beautiful lake boat tour hippo possible,Ziway
3,Good,good stay worker not speak good english communication frustrating room good worker try hard make happy not top line good,Ziway
